acquisition_channel,campaign_id,customers,avg_net_value,bonus_paid_cr,acq_cost_cr,revenue_cr
affiliate,C003,4975,-2121.0,2.27,1.09,2.31
referral,C001,5054,853.0,1.19,0.61,2.23
direct_mail,C001,5022,858.0,1.31,0.6,2.35
paid_search,C001,4909,774.0,1.3,0.59,2.27
direct_mail,C006,5067,-1506.0,1.77,1.32,2.32
affiliate,C006,5059,-1896.0,1.99,1.32,2.34
direct_mail,C004,4985,2721.0,0.54,0.35,2.24
direct_mail,C005,4969,956.0,1.18,0.55,2.2
paid_search,C005,5100,958.0,1.28,0.56,2.33
affiliate,C004,5013,2487.0,0.59,0.35,2.19
branch,C004,5028,2657.0,0.5,0.35,2.19
referral,C003,5003,-1476.0,1.95,1.1,2.31
affiliate,C008,4919,1939.0,0.93,0.3,2.18
direct_mail,C002,5073,-1234.0,2.06,0.91,2.34
affiliate,C001,5013,586.0,1.36,0.6,2.25
branch,C002,5107,-1085.0,1.95,0.92,2.32
direct_mail,C007,4928,2976.0,0.51,0.25,2.22
branch,C001,4996,973.0,1.17,0.6,2.25
referral,C008,4919,2164.0,0.8,0.3,2.15
paid_search,C007,4990,3030.0,0.53,0.25,2.29
affiliate,C007,4987,2959.0,0.53,0.25,2.25
referral,C007,4839,2933.0,0.47,0.24,2.13
paid_search,C003,5034,-1818.0,2.22,1.11,2.42
branch,C003,5119,-1562.0,1.94,1.13,2.27
branch,C007,4855,2799.0,0.47,0.24,2.07
branch,C006,5048,-1091.0,1.55,1.31,2.31
direct_mail,C008,5051,2126.0,0.87,0.3,2.25
paid_search,C004,4929,2660.0,0.57,0.35,2.23
paid_search,C002,4990,-1431.0,2.13,0.9,2.31
referral,C002,5006,-935.0,1.89,0.9,2.32
paid_search,C006,5008,-1615.0,1.87,1.3,2.36
referral,C006,4911,-1133.0,1.5,1.28,2.22
referral,C005,4884,1199.0,1.05,0.54,2.17
branch,C008,5022,2192.0,0.83,0.3,2.23
branch,C005,4923,1159.0,1.11,0.54,2.22
direct_mail,C003,4996,-1774.0,2.08,1.1,2.29
affiliate,C005,5279,804.0,1.36,0.58,2.37
affiliate,C002,5048,-1638.0,2.25,0.91,2.33
paid_search,C008,4952,2130.0,0.9,0.3,2.25
referral,C004,4990,2627.0,0.5,0.35,2.16
